t_s,cmd_rad,act_rad,err_rad,vel_rads,torque_nm,temp_c
2e-06,0.0,0.127898,-0.127898,0.003525,-0.000214,24.0
0.022157,0.000147,0.128281,-0.128134,-0.057908,0.009613,24.0
0.042556,0.000543,0.10949,-0.108946,-1.392309,-0.40824,24.0
0.06303,0.001192,0.077659,-0.076467,-1.628977,0.086946,24.0
0.083618,0.002098,0.049663,-0.047566,-1.058961,0.169833,24.0
0.104062,0.003249,0.034323,-0.031075,-0.562463,0.028412,24.0
0.124516,0.004651,0.02627,-0.021619,-0.32076,-0.057038,24.0
0.144941,0.006302,0.01975,-0.013448,-0.34493,0.033539,24.0
0.165258,0.008193,0.015532,-0.007339,-0.114305,-0.002777,24.0
0.185616,0.010336,0.013231,-0.002895,-0.072007,-0.052338,24.0
0.205924,0.012721,0.01208,0.000641,-0.07805,-0.066865,24.0
0.226258,0.015357,0.011697,0.00366,0.009567,-0.029694,24.0
0.246566,0.018237,0.011697,0.006541,-0.024674,-0.001495,24.0
0.266815,0.021355,0.01208,0.009275,0.02266,0.035676,24.0
0.28712,0.024729,0.012847,0.011882,0.011582,0.121553,24.0
0.307532,0.028369,0.013614,0.014755,0.067979,0.097627,24.0
0.32785,0.03224,0.015532,0.016708,0.067979,0.095918,24.0
0.34822,0.036369,0.017449,0.01892,0.137469,0.161715,24.0
0.368447,0.040715,0.019367,0.021348,0.132433,0.177951,24.0
0.388801,0.045334,0.021668,0.023667,0.108263,0.214694,24.0
0.409136,0.050196,0.025119,0.025077,0.130419,0.110018,24.0
0.429495,0.055312,0.029338,0.025974,0.177752,0.102327,24.0
0.44972,0.060637,0.03394,0.026697,0.252277,0.033539,24.0
0.470079,0.066244,0.038925,0.027318,0.274434,0.028412,24.0
0.490464,0.072104,0.044294,0.02781,0.28954,0.042512,24.0
0.510908,0.078228,0.04928,0.028948,0.233143,0.068574,24.0
0.53145,0.08463,0.054265,0.030365,0.233143,0.071992,24.0
0.552087,0.091313,0.059251,0.032062,0.248249,0.145052,24.0
0.572558,0.098188,0.06462,0.033568,0.255299,0.14847,24.0
0.593754,0.105566,0.069989,0.035577,0.255299,0.120272,24.0
0.614194,0.112929,0.076508,0.036421,0.299611,0.093355,24.0
0.634567,0.120509,0.082644,0.037864,0.283497,0.101045,24.0
0.654943,0.12833,0.089931,0.038399,0.381186,0.039948,24.0
0.675537,0.136478,0.097601,0.038877,0.35903,0.074556,24.0
0.695939,0.144788,0.104504,0.040284,0.284504,0.153597,24.0
0.716235,0.153291,0.11064,0.042651,0.286519,0.144625,24.0
0.736728,0.162112,0.11831,0.043802,0.380179,0.098909,24.0
0.757117,0.171122,0.126364,0.044758,0.349966,0.091646,24.0
0.777585,0.180399,0.134417,0.045982,0.387228,0.098482,24.0
0.798074,0.189916,0.143621,0.046295,0.421469,0.05362,24.0
0.818366,0.199568,0.152058,0.04751,0.333852,0.187778,24.0
0.838789,0.209506,0.159728,0.049778,0.347951,0.206149,24.0
0.859093,0.219608,0.168549,0.051059,0.477867,0.090364,24.0
0.879419,0.229938,0.178136,0.051801,0.475853,0.102754,24.0
0.899656,0.240435,0.187724,0.052712,0.505058,0.115572,24.0
0.919972,0.251185,0.197695,0.05349,0.491966,0.159579,24.0
0.940328,0.262165,0.206899,0.055266,0.443626,0.14548,24.0
0.96062,0.273315,0.216486,0.056828,0.50103,0.108736,24.0
0.980871,0.284641,0.227224,0.057417,0.543328,0.150607,24.0
1.001111,0.296157,0.238346,0.057812,0.474846,0.164706,24.0
1.021436,0.307914,0.2487,0.059214,0.483909,0.151461,24.0
1.041779,0.319869,0.259055,0.060814,0.595697,0.120272,24.0
1.062025,0.331949,0.269793,0.062156,0.61181,0.152316,24.0
1.082342,0.34425,0.281682,0.062568,0.564477,0.165133,24.0
1.102722,0.356761,0.292803,0.063958,0.513115,0.198032,24.0
1.123081,0.369428,0.303925,0.065503,0.568505,0.151034,24.0
1.143388,0.382223,0.315813,0.06641,0.551385,0.182223,24.0
1.163675,0.39516,0.328469,0.066691,0.522179,0.173251,24.0
1.183894,0.4082,0.339974,0.068226,0.569512,0.227939,24.0
1.204203,0.421439,0.352246,0.069193,0.608789,0.168551,24.0
1.224605,0.434873,0.365285,0.069588,0.652094,0.185641,24.0
1.244999,0.448429,0.37794,0.070489,0.608789,0.223667,24.0
1.265334,0.462064,0.390596,0.071468,0.70547,0.186069,24.0
1.285715,0.47584,0.403251,0.072589,0.622889,0.238193,24.0
1.30612,0.489735,0.417057,0.072677,0.652094,0.189487,24.0
1.326607,0.503777,0.430096,0.073681,0.602747,0.240757,24.0
1.346927,0.517788,0.443519,0.074269,0.669215,0.164279,24.0
1.367216,0.53185,0.456941,0.074909,0.6813,0.268101,24.0
1.387641,0.546069,0.470748,0.075321,0.608789,0.237766,24.0
1.408169,0.560411,0.48417,0.076241,0.649073,0.19675,24.0
1.428707,0.574801,0.497976,0.076825,0.668208,0.273655,24.0
1.449411,0.589337,0.512549,0.076787,0.672236,0.22623,24.0
1.47001,0.603815,0.526355,0.07746,0.662165,0.242039,24.0
1.490725,0.618379,0.540545,0.077834,0.700435,0.233066,24.0
1.511284,0.632823,0.555118,0.077705,0.723598,0.236912,24.0
1.532081,0.64741,0.568924,0.078486,0.703456,0.277073,24.0
1.55301,0.662051,0.583113,0.078938,0.717556,0.246738,24.0
1.574042,0.676708,0.598453,0.078255,0.716548,0.243748,24.0
1.594981,0.69123,0.612643,0.078587,0.659144,0.293736,24.0
1.615732,0.705534,0.626832,0.078702,0.673243,0.255283,24.0
1.63643,0.719701,0.641789,0.077911,0.71252,0.248875,24.0
1.657222,0.733811,0.655979,0.077833,0.604761,0.312535,24.0
1.677883,0.747697,0.670168,0.077529,0.654108,0.269383,24.0
1.698509,0.761406,0.684358,0.077049,0.627924,0.327916,24.0
1.719037,0.774881,0.698547,0.076334,0.71252,0.298863,24.0
1.739453,0.788096,0.71197,0.076126,0.637995,0.247166,24.0
1.760011,0.801196,0.726159,0.075037,0.702449,0.330053,24.0
1.780829,0.814232,0.739965,0.074267,0.621881,0.274083,24.0
1.801539,0.826951,0.753004,0.073947,0.602747,0.280491,24.0
1.821991,0.839246,0.766427,0.072819,0.6813,0.300999,24.0
1.842404,0.851236,0.779849,0.071386,0.608789,0.270237,24.0
1.862721,0.862869,0.792121,0.070748,0.627924,0.329625,24.0
1.88303,0.874178,0.804393,0.069785,0.595697,0.288609,24.0
1.90342,0.88519,0.817432,0.067757,0.676265,0.326635,24.0
1.923782,0.895824,0.829705,0.066119,0.520165,0.314244,24.0
1.944033,0.906018,0.840826,0.065192,0.503044,0.357824,24.0
1.964272,0.915806,0.851948,0.063858,0.515129,0.333043,24.0
1.985133,0.925452,0.863453,0.061999,0.492973,0.367651,24.0
2.006037,0.934644,0.874574,0.06007,0.392264,0.350134,24.0
2.026736,0.943254,0.884929,0.058326,0.444633,0.333043,24.0
2.047459,0.951362,0.8949,0.056462,0.440604,0.306981,24.0
2.068525,0.959053,0.905254,0.053798,0.550378,0.332189,24.0
2.089274,0.966061,0.915225,0.050836,0.446647,0.329198,24.0
2.11007,0.972496,0.922512,0.049985,0.305653,0.420203,24.0
2.130889,0.978324,0.931332,0.046992,0.465782,0.27921,24.0
2.151744,0.983521,0.939386,0.044135,0.402335,0.333898,24.0
2.172688,0.988069,0.947056,0.041014,0.349966,0.356115,24.0
2.19362,0.99192,0.954342,0.037578,0.278462,0.315526,24.0
2.21425,0.995012,0.960095,0.034917,0.197894,0.340307,24.0
2.234701,0.997364,0.964313,0.03305,0.145525,0.448829,24.0
2.255061,0.998978,0.968532,0.030446,0.305653,0.397131,24.0
2.275731,0.999854,0.973134,0.02672,0.256306,0.370214,24.0
2.296355,0.999938,0.977352,0.022585,0.155596,0.296727,24.0
2.316709,0.999226,0.98042,0.018806,0.127398,0.311254,24.0
2.337128,0.997699,0.983105,0.014594,0.094163,0.296727,24.0
2.357592,0.995331,0.985022,0.010308,0.121355,0.27451,24.0
2.378134,0.99209,0.985406,0.006684,0.020645,0.315953,24.0
2.398678,0.987965,0.985406,0.002559,0.02266,0.313817,24.0
2.419309,0.982914,0.985406,-0.002492,-0.037766,0.264683,24.0
2.439782,0.976984,0.984639,-0.007655,-0.047837,0.143771,24.0
2.460179,0.97015,0.983488,-0.013339,-0.025681,0.073701,24.0
2.481041,0.962188,0.981187,-0.019,-0.145525,0.130098,24.0
2.501701,0.953318,0.976969,-0.023651,-0.193866,0.170687,24.0
2.522241,0.943515,0.972367,-0.028852,-0.196887,0.147616,24.0
2.542717,0.932751,0.965847,-0.033096,-0.363058,0.206149,24.0
2.563343,0.920897,0.958177,-0.037281,-0.398306,0.268528,24.0
2.584201,0.907865,0.950124,-0.042258,-0.340902,0.138216,24.0
2.60512,0.893733,0.94092,-0.047187,-0.461753,0.151888,24.0
2.625917,0.878618,0.930565,-0.051947,-0.420462,0.215549,24.0
2.646501,0.862608,0.919444,-0.056836,-0.536278,0.206577,24.0
2.667053,0.845575,0.907172,-0.061596,-0.531243,0.242039,24.0
2.688068,0.827073,0.894133,-0.06706,-0.677272,0.167269,24.0
2.708688,0.807851,0.879943,-0.072093,-0.656123,0.20444,24.0
2.729086,0.787794,0.864603,-0.076809,-0.682307,0.268101,24.0
2.749491,0.766698,0.848496,-0.081798,-0.758846,0.175814,24.0
2.769772,0.744711,0.831622,-0.086911,-0.864591,0.254002,24.0
2.790642,0.72103,0.813214,-0.092184,-0.859556,0.24802,24.0
2.811298,0.696547,0.793655,-0.097108,-0.857542,0.202731,24.0
2.831674,0.671388,0.773713,-0.102326,-0.968322,0.126253,24.0
2.852192,0.645053,0.752621,-0.107568,-1.042847,0.135225,24.0
2.872584,0.617901,0.730378,-0.112477,-1.081117,0.171969,24.0
2.893319,0.58931,0.707368,-0.118057,-1.183841,0.104463,24.0
2.913915,0.559947,0.682824,-0.122876,-1.210025,0.178378,24.0
2.934393,0.529824,0.657513,-0.127688,-1.212039,0.125399,24.0
2.954998,0.498605,0.631434,-0.13283,-1.263401,0.11429,24.0
2.975612,0.466485,0.603822,-0.137338,-1.418494,0.186069,24.0
2.996367,0.433279,0.575443,-0.142165,-1.33994,0.066438,24.0
3.017307,0.39893,0.545914,-0.146983,-1.334905,0.074983,24.0
3.038315,0.363653,0.515234,-0.151581,-1.499062,0.137789,24.0
3.059055,0.328059,0.483403,-0.155344,-1.437629,0.051911,24.0
3.079518,0.292235,0.451189,-0.158954,-1.598764,0.063447,24.0
3.099919,0.255866,0.418591,-0.162726,-1.604807,0.154025,24.0
3.120364,0.218807,0.385227,-0.16642,-1.646098,0.093782,24.0
3.140767,0.18126,0.351095,-0.169835,-1.662211,-0.005341,24.0
3.161157,0.143224,0.316197,-0.172972,-1.746807,0.040803,24.0
3.181857,0.104139,0.280915,-0.176775,-1.788098,0.057465,24.0
3.202727,0.064311,0.244098,-0.179787,-1.797162,0.072847,24.0
3.223614,0.024083,0.206899,-0.182816,-1.76997,0.040375,24.0
3.244364,-0.016175,0.168932,-0.185108,-1.736736,-0.026276,24.0
3.265074,-0.05659,0.130582,-0.187172,-1.855573,-0.022004,24.0
3.285927,-0.097448,0.092616,-0.190063,-1.753857,-0.082246,24.0
3.306783,-0.138405,0.052731,-0.191137,-1.803204,-0.030976,24.0
3.32724,-0.178603,0.013231,-0.191833,-1.821332,-0.042084,24.0
3.347676,-0.218705,-0.025886,-0.192818,-1.915999,0.019013,24.0
3.368015,-0.258496,-0.065387,-0.193109,-1.824353,-0.026703,24.0
3.388515,-0.298402,-0.104888,-0.193514,-1.972396,-0.023713,24.0
3.409078,-0.338151,-0.144772,-0.193379,-1.881758,-0.1066,24.0
3.429744,-0.377737,-0.184272,-0.193465,-1.956283,-0.050202,24.0
3.450437,-0.416928,-0.224156,-0.192771,-1.883772,-0.139925,24.0
3.471067,-0.45547,-0.263657,-0.191813,-1.869673,-0.129244,24.0
3.491905,-0.493776,-0.303158,-0.190618,-1.828382,-0.083955,24.0
3.512972,-0.531778,-0.343042,-0.188736,-1.848524,-0.084382,24.0
3.533726,-0.568411,-0.382542,-0.185869,-1.804211,-0.134371,24.0
3.554285,-0.603823,-0.420509,-0.183315,-1.845502,-0.13608,24.0
3.574745,-0.638115,-0.458092,-0.180023,-1.771984,-0.259129,24.0
3.595436,-0.671741,-0.495292,-0.176449,-1.811261,-0.20145,24.0
3.616252,-0.70441,-0.531724,-0.172686,-1.746807,-0.181796,24.0
3.637253,-0.7361,-0.56739,-0.16871,-1.737743,-0.150179,24.0
3.658138,-0.76626,-0.602672,-0.163588,-1.689403,-0.149325,24.0
3.67905,-0.795013,-0.63642,-0.158593,-1.655161,-0.259129,24.0
3.699819,-0.822052,-0.669401,-0.152651,-1.450721,-0.255711,24.0
3.720821,-0.847766,-0.700848,-0.146918,-1.419501,-0.189059,24.0
3.74152,-0.871424,-0.731912,-0.139512,-1.393317,-0.284764,24.0
3.761962,-0.893067,-0.760674,-0.132392,-1.344976,-0.258701,24.0
3.783899,-0.9143,-0.788286,-0.126013,-1.318791,-0.224094,24.0
3.804536,-0.932313,-0.815515,-0.116798,-1.215061,-0.295445,24.0
3.825177,-0.948352,-0.840059,-0.108293,-1.124422,-0.258701,24.0
3.846845,-0.962987,-0.862302,-0.100685,-1.114351,-0.30869,24.0
3.867273,-0.974649,-0.884162,-0.090487,-1.042847,-0.246311,24.0
3.887846,-0.984238,-0.902953,-0.081285,-0.826322,-0.347997,24.0
3.908583,-0.991655,-0.919827,-0.071827,-0.753811,-0.262547,24.0
3.929781,-0.996847,-0.935167,-0.061679,-0.669215,-0.35227,24.0
3.950324,-0.999524,-0.94859,-0.050934,-0.61181,-0.30399,24.0
3.97088,-0.999838,-0.959328,-0.040511,-0.457725,-0.333043,24.0
3.991579,-0.997728,-0.968148,-0.02958,-0.390249,-0.278782,24.0
4.012259,-0.993154,-0.975051,-0.018103,-0.268391,-0.305699,24.0
4.032835,-0.986131,-0.978886,-0.007245,-0.106249,-0.359106,24.0
4.053439,-0.976608,-0.979653,0.003046,-0.041794,-0.435584,24.0
4.074055,-0.96457,-0.978503,0.013933,0.071,-0.322362,24.0
4.094751,-0.949954,-0.976969,0.027015,0.095171,-0.194186,24.0
4.115811,-0.932479,-0.973517,0.041039,0.219043,-0.099336,24.0
4.136853,-0.912404,-0.966614,0.054211,0.402335,-0.113863,24.0
4.157562,-0.890111,-0.957027,0.066916,0.468803,-0.206149,24.0
4.178028,-0.865631,-0.944371,0.078741,0.612818,-0.165988,24.0
4.198801,-0.838327,-0.929415,0.091088,0.720577,-0.174105,24.0
4.219699,-0.8084,-0.911774,0.103374,0.846464,-0.19205,24.0
4.240691,-0.775904,-0.891448,0.115544,1.013642,-0.18265,24.0
4.261696,-0.741007,-0.869205,0.128198,1.095216,-0.142489,24.0
4.282442,-0.704269,-0.844278,0.140008,1.224125,-0.11899,24.0
4.30302,-0.665669,-0.816665,0.150997,1.316777,-0.132662,24.0
4.32372,-0.624756,-0.787136,0.16238,1.50309,-0.057465,24.0
4.34471,-0.581226,-0.754538,0.173313,1.573587,-0.130526,24.0
4.36507,-0.537132,-0.720023,0.182891,1.656168,-0.175387,24.0
4.385518,-0.491103,-0.683591,0.192488,1.744793,-0.122408,24.0
4.40599,-0.443376,-0.645241,0.201865,1.915999,-0.141634,24.0
4.426387,-0.394308,-0.604973,0.210665,1.898878,-0.043793,24.0
4.446923,-0.343506,-0.562788,0.219282,2.023758,-0.065583,24.0
4.467396,-0.291598,-0.518302,0.226704,2.145617,-0.083101,24.0
4.487825,-0.238686,-0.472282,0.233595,2.156695,-0.069856,24.0
4.508142,-0.185108,-0.425111,0.240003,2.268482,-0.030976,24.0
4.528538,-0.130516,-0.377173,0.246657,2.354086,-0.047211,24.0
4.548994,-0.07511,-0.326935,0.251824,2.424582,-0.080964,24.0
4.569635,-0.018715,-0.275546,0.256831,2.476951,-0.106172,24.0
4.590136,0.03761,-0.223006,0.260616,2.563561,-0.056611,24.0
4.610667,0.09415,-0.169699,0.26385,2.597803,-0.068147,24.0
4.631206,0.150659,-0.115626,0.266284,2.570611,0.016876,24.0
4.652048,0.207756,-0.061168,0.268925,2.71664,0.000214,24.0
4.672974,0.264632,-0.005177,0.269809,2.582696,-0.029267,24.0
4.69356,0.319941,0.051581,0.26836,2.663264,0.043793,24.0
4.714155,0.374439,0.107189,0.267251,2.61593,0.095491,24.0
4.734998,0.42854,0.162029,0.26651,2.624994,0.091218,24.0
4.755833,0.481355,0.21802,0.263335,2.633051,0.025422,24.0
4.776363,0.531956,0.272861,0.259095,2.523278,0.053193,24.0
4.796862,0.580855,0.326935,0.253921,2.626001,0.065156,24.0
4.817345,0.627904,0.379858,0.248046,2.526299,0.107881,24.0
4.837987,0.673291,0.431247,0.242044,2.53637,0.111727,24.0
4.858645,0.716481,0.482253,0.234229,2.427604,0.087373,24.0
4.879429,0.757491,0.531341,0.226151,2.305745,0.093355,24.0
4.900114,0.795693,0.579278,0.216415,2.225177,0.135225,24.0
4.920848,0.831186,0.625298,0.205888,2.159716,0.137789,24.0
4.941676,0.86385,0.669018,0.194832,2.044907,0.120272,24.0
4.96289,0.893868,0.711203,0.182665,1.979446,0.178378,24.0
4.983604,0.919853,0.75147,0.168383,1.908949,0.180941,24.0
5.004194,0.942289,0.787519,0.154769,1.729686,0.208713,24.0
5.024771,0.961198,0.821267,0.13993,1.537331,0.267674,24.0
5.045438,0.976538,0.851948,0.12459,1.424537,0.248447,24.0
5.066074,0.988096,0.879176,0.10892,1.227146,0.247593,24.0
5.086923,0.995867,0.90372,0.092147,1.089174,0.336461,24.0
5.107673,0.999622,0.924813,0.07481,0.987457,0.268528,24.0
5.128463,0.999339,0.94207,0.057269,0.843442,0.258701,24.0
5.14925,0.994959,0.95626,0.038699,0.635981,0.334752,24.0
5.170258,0.986338,0.966231,0.020107,0.392264,0.317235,24.0
5.191022,0.973659,0.9716,0.00206,0.23415,0.332616,24.0
5.211638,0.956985,0.973134,-0.016149,0.037766,0.329198,24.0
5.232091,0.936441,0.971983,-0.035542,-0.049851,0.212131,24.0
5.25265,0.911813,0.966998,-0.055185,-0.31371,0.215122,24.0
5.273224,0.883233,0.958177,-0.074945,-0.520165,0.220676,24.0
5.293849,0.850707,0.945138,-0.094432,-0.661158,0.194186,24.0
5.31449,0.814366,0.928264,-0.113898,-0.865599,0.234348,24.0
5.334784,0.775055,0.907555,-0.1325,-1.079103,0.18735,24.0
5.355077,0.732321,0.883778,-0.151457,-1.196933,0.124544,24.0
5.375411,0.68621,0.856166,-0.169956,-1.499062,0.141634,24.0
5.395784,0.636871,0.823952,-0.187081,-1.580636,0.166415,24.0
5.416118,0.584673,0.788286,-0.203614,-1.792126,0.155306,24.0
5.436459,0.529704,0.748786,-0.219082,-1.974411,0.119844,24.0
5.457099,0.471331,0.706217,-0.234886,-2.164752,0.129244,24.0
5.478005,0.409783,0.659814,-0.250031,-2.251362,0.1066,24.0
5.498788,0.346443,0.609575,-0.263132,-2.396384,0.091646,24.0
5.519618,0.281083,0.556652,-0.275569,-2.531334,0.151461,24.0
5.540453,0.214121,0.500661,-0.286539,-2.659236,0.111727,24.0
5.561312,0.145801,0.441985,-0.296184,-2.90396,0.068574,24.0
5.582318,0.076021,0.381392,-0.305371,-2.924102,0.115999,24.0
5.602909,0.007001,0.318498,-0.311497,-2.947265,0.054047,24.0
5.623397,-0.061959,0.25522,-0.317179,-3.034882,0.070283,24.0
5.643729,-0.130352,0.190025,-0.320376,-3.114443,0.072847,24.0
5.664392,-0.199476,0.124446,-0.323922,-3.102358,-0.055756,24.0
5.685277,-0.268597,0.05695,-0.325547,-3.136599,-0.013458,24.0
5.706067,-0.336296,-0.011313,-0.324983,-3.274571,-0.03183,24.0
5.726697,-0.402038,-0.079193,-0.322845,-3.24033,0.022431,24.0
5.747514,-0.466559,-0.147073,-0.319486,-3.275578,-0.058747,24.0
5.768337,-0.528926,-0.214569,-0.314358,-3.186954,0.00705,24.0
5.788983,-0.588271,-0.281298,-0.306973,-3.124514,-0.08481,24.0
5.809531,-0.644536,-0.346493,-0.298042,-3.085237,-0.049775,24.0
5.829922,-0.697297,-0.409387,-0.287909,-2.937194,-0.141207,24.0
5.850553,-0.747249,-0.470364,-0.276885,-2.890867,-0.106172,24.0
5.871103,-0.793281,-0.53019,-0.263091,-2.821378,-0.063447,24.0
5.891823,-0.835639,-0.586948,-0.248691,-2.679377,-0.200595,24.0
5.912625,-0.873799,-0.641022,-0.232777,-2.5122,-0.204868,24.0
5.933366,-0.907239,-0.692411,-0.214828,-2.306752,-0.195041,24.0
5.954147,-0.935892,-0.740349,-0.195544,-2.206043,-0.130526,24.0
5.975023,-0.959576,-0.784451,-0.175124,-2.000595,-0.127108,24.0
5.995905,-0.977966,-0.824719,-0.153247,-1.775006,-0.254002,24.0
6.016594,-0.9908,-0.860001,-0.130799,-1.561501,-0.241184,24.0
6.037024,-0.998086,-0.891065,-0.107022,-1.410437,-0.216831,24.0
6.057327,-0.999931,-0.916759,-0.083171,-1.192905,-0.23093,24.0
6.077939,-0.996233,-0.937852,-0.058381,-0.983429,-0.267247,24.0
6.098741,-0.986774,-0.954342,-0.032432,-0.64303,-0.331762,24.0
6.11946,-0.971631,-0.96508,-0.006551,-0.455711,-0.231785,24.0
6.139937,-0.951083,-0.970449,0.019366,-0.183795,-0.192477,24.0
6.160641,-0.924729,-0.970066,0.045337,0.13344,-0.200595,24.0
6.181509,-0.892589,-0.965464,0.072875,0.219043,-0.062593,24.0
6.202449,-0.854848,-0.955493,0.100644,0.637995,-0.211276,24.0
6.22315,-0.812305,-0.938235,0.12593,0.794095,-0.146334,24.0
6.243717,-0.765083,-0.916759,0.151677,1.063996,-0.124117,24.0
6.26422,-0.713327,-0.890681,0.177354,1.34699,-0.105318,24.0
6.284667,-0.657322,-0.859234,0.201912,1.556466,-0.130953,24.0
6.305021,-0.597502,-0.822034,0.224533,1.87068,-0.134371,24.0
6.325516,-0.533494,-0.780233,0.246739,2.195972,-0.121126,24.0
6.345943,-0.466273,-0.733062,0.266789,2.352071,-0.089082,24.0
6.366698,-0.394861,-0.681673,0.286812,2.481987,-0.132235,24.0
6.387596,-0.320213,-0.625298,0.305086,2.730739,-0.0925,24.0
6.408266,-0.244117,-0.564322,0.320205,2.891875,-0.051911,24.0
6.428769,-0.166867,-0.500661,0.333794,3.097322,-0.115999,24.0
6.449129,-0.088872,-0.434315,0.345442,3.219181,-0.021149,24.0
6.46972,-0.009188,-0.365285,0.356097,3.38938,-0.087373,24.0
6.490186,0.070326,-0.29242,0.362746,3.495125,-0.027985,24.0
6.510483,0.148989,-0.219171,0.36816,3.592813,-0.077546,24.0
6.530819,0.227111,-0.144388,0.371499,3.672374,-0.076692,24.0
6.551104,0.303837,-0.068455,0.372292,3.68043,0.016876,24.0
6.571776,0.380281,0.007862,0.372419,3.767041,0.006195,24.0
6.59271,0.455361,0.086096,0.369265,3.623026,-0.034394,24.0
6.613549,0.527232,0.165097,0.362134,3.628061,0.065156,24.0
6.634109,0.594828,0.241797,0.353031,3.59382,0.095918,24.0
6.654518,0.658191,0.316197,0.341994,3.504189,0.076265,24.0
6.674804,0.717031,0.388678,0.328353,3.535409,0.083955,24.0
6.69516,0.771489,0.458859,0.31263,3.354131,0.085237,24.0
6.715836,0.821687,0.525972,0.295716,3.168826,0.130526,24.0
6.736488,0.866281,0.591167,0.275114,3.07013,0.113008,24.0
6.756911,0.904576,0.65176,0.252816,2.765988,0.219821,24.0
6.777272,0.93669,0.708135,0.228555,2.608881,0.103182,24.0
6.797946,0.962819,0.759524,0.203296,2.305745,0.129671,24.0
6.818686,0.982226,0.806694,0.175531,2.074113,0.177096,24.0
6.839262,0.994543,0.848113,0.146431,1.879744,0.130526,24.0
6.85959,0.99978,0.883395,0.116385,1.56553,0.216403,24.0
6.879902,0.998032,0.912157,0.085875,1.192905,0.322362,24.0
6.900166,0.989285,0.935167,0.054118,0.933074,0.20444,24.0
6.920771,0.973219,0.951658,0.021561,0.65713,0.275792,24.0
6.941291,0.950085,0.962396,-0.012311,0.356008,0.254429,24.0
6.961753,0.920031,0.962779,-0.042748,-0.076036,0.355688,24.0
6.982441,0.882719,0.958561,-0.075842,-0.274434,0.193759,24.0
7.003096,0.838736,0.948973,-0.110237,-0.545342,0.091218,24.0
7.023823,0.788112,0.932099,-0.143988,-0.874662,0.083101,24.0
7.044518,0.731415,0.908322,-0.176908,-1.340948,0.180514,24.0
7.065114,0.669261,0.878793,-0.209532,-1.58265,0.10959,24.0
7.085729,0.601754,0.841593,-0.239839,-1.966354,0.07541,24.0
7.106551,0.528677,0.797874,-0.269197,-2.218128,0.04593,24.0
7.127327,0.451393,0.746485,-0.295092,-2.518242,0.105318,24.0
7.148235,0.369792,0.689727,-0.319935,-2.761959,0.132235,24.0
7.169198,0.284746,0.627599,-0.342854,-3.024811,0.054047,24.0
7.189958,0.197996,0.559336,-0.361341,-3.339025,0.104036,24.0
7.210843,0.108868,0.487238,-0.37837,-3.571664,0.128389,24.0
7.231848,0.018074,0.410154,-0.39208,-3.759991,0.136507,24.0
7.252557,-0.071848,0.330003,-0.401851,-3.872786,0.139071,24.0
7.273083,-0.160657,0.248317,-0.408974,-3.92314,0.023285,24.0
7.293571,-0.248264,0.16433,-0.412594,-3.907027,-0.013458,24.0
7.314005,-0.333899,0.079193,-0.413092,-4.015793,-0.035248,24.0
7.334431,-0.417053,-0.006328,-0.410725,-4.04097,-0.054047,24.0
7.354854,-0.497052,-0.092232,-0.40482,-4.132616,-0.047639,24.0
7.375455,-0.573881,-0.177369,-0.396512,-4.039963,-0.043793,24.0
7.396134,-0.646414,-0.262506,-0.383908,-4.04097,0.022431,24.0
7.416832,-0.713763,-0.345343,-0.36842,-3.872786,-0.011322,24.0
7.437757,-0.775877,-0.425111,-0.350766,-3.78114,-0.034394,24.0
7.458539,-0.831042,-0.503345,-0.327697,-3.664317,-0.107027,24.0
7.479039,-0.878562,-0.575827,-0.302736,-3.306798,-0.107454,24.0
7.499657,-0.918983,-0.643323,-0.27566,-3.119478,-0.160006,24.0
7.520141,-0.951413,-0.706217,-0.245196,-2.886839,-0.067292,24.0
7.540714,-0.975887,-0.762975,-0.212912,-2.657221,-0.133516,24.0
7.562828,-0.992827,-0.813981,-0.178846,-2.340993,-0.170687,24.0
7.583696,-0.999687,-0.860768,-0.138919,-1.935134,-0.204013,24.0
7.604443,-0.997585,-0.897201,-0.100385,-1.562509,-0.183078,24.0
7.625073,-0.986621,-0.92558,-0.061041,-1.231174,-0.133516,24.0
7.645856,-0.966653,-0.945905,-0.020748,-0.826322,-0.264256,24.0
7.666206,-0.938528,-0.958177,0.019649,-0.37615,-0.262974,24.0
7.686513,-0.902187,-0.960095,0.057908,0.081071,-0.269383,24.0
7.706783,-0.857919,-0.954726,0.096807,0.34493,-0.212131,24.0
7.727248,-0.805459,-0.941687,0.136228,0.748775,-0.108736,24.0
7.74776,-0.745458,-0.921361,0.175903,1.066011,-0.030549,24.0
7.768321,-0.67835,-0.894133,0.215783,1.457771,-0.052338,24.0
7.789023,-0.604305,-0.8577,0.253395,1.843488,-0.057038,24.0
7.809653,-0.52469,-0.81283,0.28814,2.272511,-0.119844,24.0
7.830096,-0.440751,-0.759907,0.319156,2.705562,-0.098909,24.0
7.852723,-0.342876,-0.700465,0.357589,3.044953,-0.048066,24.0
7.873115,-0.251057,-0.627216,0.376159,3.265507,-0.132235,24.0
7.893554,-0.156453,-0.555118,0.398665,3.584756,-0.05362,24.0
7.913995,-0.060123,-0.476884,0.416761,3.908034,-0.043366,24.0
7.934556,0.037588,-0.394047,0.431636,4.047013,-0.070283,24.0
7.954979,0.134543,-0.306993,0.441535,4.239368,-0.089082,24.0
7.975348,0.230215,-0.217637,0.447852,4.351156,-0.057465,24.0
7.996152,0.325914,-0.126364,0.452278,4.558618,-0.04892,24.0
8.016906,0.418395,-0.031639,0.450034,4.458915,-0.018585,24.0
8.037765,0.507384,0.063086,0.444298,4.522362,0.041657,24.0
8.058819,0.592222,0.157811,0.434411,4.466972,0.057893,24.0
8.079278,0.669003,0.252152,0.416851,4.292744,0.04892,24.0
8.099737,0.739392,0.341124,0.398268,4.274617,0.065156,24.0
8.120391,0.803212,0.427412,0.3758,4.054063,0.13138,24.0
8.141116,0.859237,0.511015,0.348222,3.949325,0.099336,24.0
8.161657,0.906211,0.588866,0.317345,3.5626,0.074983,24.0
8.182192,0.944124,0.660964,0.283159,3.424628,0.1019,24.0
8.202754,0.97256,0.72731,0.245251,3.042939,0.083101,24.0
8.223266,0.991073,0.785985,0.205087,2.68542,0.167697,24.0
8.243651,0.999455,0.836224,0.163231,2.209064,0.154879,24.0
8.264095,0.997673,0.878409,0.119264,1.867659,0.159152,24.0
8.28441,0.98574,0.91139,0.07435,1.295628,0.237766,24.0
8.304768,0.963665,0.935934,0.02773,0.951202,0.190341,24.0
8.325083,0.931693,0.950891,-0.019198,0.557427,0.226658,24.0
8.345346,0.890167,0.955109,-0.064943,0.016617,0.224094,24.0
8.365608,0.839372,0.94974,-0.110368,-0.338888,0.099763,24.0
8.386166,0.778839,0.935167,-0.156329,-0.867613,0.12369,24.0
8.4068,0.709554,0.912157,-0.202603,-1.281529,0.099763,24.0
8.427681,0.631436,0.880327,-0.24889,-1.742779,0.036957,24.0
8.448611,0.54588,0.838142,-0.292262,-2.209064,0.087373,24.0
8.469594,0.453728,0.785602,-0.331874,-2.71664,0.110018,24.0
8.490116,0.358378,0.723858,-0.36548,-3.073152,0.1066,24.0
8.510587,0.25913,0.655595,-0.396465,-3.418585,0.051484,24.0
8.53102,0.157005,0.580045,-0.42304,-3.624033,-0.030976,24.0
8.551444,0.052966,0.497209,-0.444243,-4.011765,0.050202,24.0
8.571887,-0.052001,0.40862,-0.460621,-4.254475,0.041657,24.0
8.59251,-0.15756,0.31658,-0.47414,-4.418631,-0.024567,24.0
8.613147,-0.261659,0.219938,-0.481597,-4.514305,-0.062593,24.0
8.633886,-0.363525,0.120228,-0.483753,-4.68954,-0.002777,24.0
8.654595,-0.461296,0.018983,-0.480279,-4.834562,0.045075,24.0
8.675537,-0.554974,-0.082261,-0.472713,-4.928222,0.068574,24.0
8.696135,-0.640909,-0.184656,-0.456253,-4.794278,-0.006195,24.0
8.716734,-0.719644,-0.282832,-0.436812,-4.65127,0.01004,24.0
8.737394,-0.790404,-0.378324,-0.41208,-4.503227,0.012177,24.0
8.757942,-0.851749,-0.469597,-0.382152,-4.311879,-0.048493,24.0
8.778556,-0.903457,-0.555885,-0.347572,-3.996658,-0.051057,24.0
8.798912,-0.944183,-0.635653,-0.30853,-3.668345,-0.0925,24.0
8.819287,-0.974121,-0.707368,-0.266754,-3.309819,-0.038239,24.0
8.839557,-0.992735,-0.771412,-0.221322,-2.965393,-0.096773,24.0
8.859843,-0.999917,-0.82702,-0.172897,-2.489036,-0.102754,24.0
8.880743,-0.995169,-0.872657,-0.122512,-2.047929,-0.120272,24.0
8.901284,-0.978464,-0.909856,-0.068607,-1.553445,-0.171969,24.0
8.921696,-0.950159,-0.934784,-0.015375,-1.011627,-0.167269,24.0
8.942195,-0.91025,-0.949357,0.039107,-0.546349,-0.148898,24.0
8.962769,-0.859032,-0.950891,0.091859,0.029709,-0.085664,24.0
8.983377,-0.797067,-0.94092,0.143852,0.646052,-0.141634,24.0
9.004208,-0.724296,-0.922128,0.197832,1.047883,0.009613,24.0
9.025003,-0.642333,-0.893366,0.251033,1.570565,-0.027985,24.0
9.045814,-0.551965,-0.852715,0.30075,2.009659,-0.030549,24.0
9.066725,-0.453856,-0.800942,0.347085,2.612909,-0.057465,24.0
9.087712,-0.349266,-0.737281,0.388015,3.131563,-0.001495,24.0
9.108237,-0.242313,-0.664416,0.422103,3.630076,-0.059174,24.0
9.128667,-0.132584,-0.584264,0.45168,3.998672,-0.1019,24.0
9.149046,-0.021226,-0.497209,0.475983,4.299794,-0.100191,24.0
9.169367,0.090322,-0.403635,0.493957,4.534447,-0.115999,24.0
9.189785,0.201516,-0.305075,0.506591,4.888945,-0.068147,24.0
9.210206,0.310412,-0.202297,0.512708,4.982605,-0.004059,24.0
9.230726,0.4161,-0.097218,0.513317,5.023896,-0.074983,24.0
9.251603,0.518338,0.009779,0.508559,5.168917,-0.046784,24.0
9.272556,0.61418,0.118694,0.495487,5.082307,-0.006195,24.0
9.293507,0.701886,0.226457,0.475429,4.900023,0.020294,24.0
9.314069,0.778847,0.331153,0.447694,4.786221,0.057038,24.0
9.334455,0.845166,0.429329,0.415837,4.625086,0.082673,24.0
9.354799,0.900508,0.52252,0.377988,4.394461,0.050629,24.0
9.375319,0.944557,0.608424,0.336132,4.056077,0.089937,24.0
9.395928,0.976224,0.687809,0.288415,3.605905,0.054475,24.0
9.416354,0.994677,0.758757,0.235921,3.100343,0.025849,24.0
9.437093,0.999901,0.818583,0.181318,2.682399,0.092073,24.0
9.457973,0.991243,0.868438,0.122805,2.124468,0.171115,24.0
9.478896,0.968589,0.906788,0.061801,1.668254,0.103609,24.0
9.499863,0.93208,0.932483,-0.000403,0.961273,0.079255,24.0
9.520595,0.882812,0.945522,-0.06271,0.346944,0.154025,24.0
9.541376,0.820894,0.943221,-0.122327,-0.316732,0.14078,24.0
9.562062,0.747591,0.929031,-0.18144,-0.858549,0.073274,24.0
9.58285,0.663157,0.904487,-0.24133,-1.357061,0.00235,24.0
9.60357,0.569393,0.868055,-0.298662,-2.066056,0.04123,24.0
9.624165,0.467948,0.818199,-0.350251,-2.437675,0.015595,24.0
9.645018,0.358279,0.756072,-0.397793,-3.083223,-0.037812,24.0
9.665816,0.243462,0.682824,-0.439362,-3.530373,0.059174,24.0
9.686693,0.124405,0.599604,-0.475199,-4.019821,0.059602,24.0
9.707698,0.002515,0.50718,-0.504665,-4.343099,0.051911,24.0
9.728327,-0.117495,0.405936,-0.523431,-4.586816,-0.025422,24.0
9.74875,-0.234887,0.300857,-0.535744,-4.914122,-0.049348,24.0
9.769139,-0.348986,0.192709,-0.541695,-5.191073,0.042512,24.0
9.789533,-0.458365,0.081494,-0.539859,-5.31696,-0.038239,24.0
9.809835,-0.560946,-0.031639,-0.529307,-5.449897,0.095918,24.0
9.830191,-0.655966,-0.142854,-0.513112,-5.405585,0.004913,24.0
9.850623,-0.742035,-0.254069,-0.487965,-5.338109,0.114717,24.0
9.870974,-0.81718,-0.360683,-0.456498,-5.058137,-0.040375,24.0
9.891683,-0.881619,-0.461927,-0.419692,-4.712703,-0.051057,24.0
9.912693,-0.93352,-0.559336,-0.374184,-4.492149,0.004486,24.0
9.933366,-0.970475,-0.648692,-0.321783,-3.957382,-0.036103,24.0
9.953673,-0.992512,-0.726926,-0.265586,-3.558572,-0.094636,24.0
9.974128,-1.0,-0.794422,-0.205578,-3.026825,-0.01004,24.0
9.994563,-0.992536,-0.850414,-0.142123,-2.389334,-0.091218,24.0
10.015014,-0.970131,-0.893749,-0.076382,-1.861616,-0.087373,24.0
10.035828,-0.932247,-0.924046,-0.008201,-1.215061,-0.013458,24.0
10.056699,-0.879479,-0.94092,0.06144,-0.514122,-0.076265,24.0
10.077608,-0.812526,-0.94092,0.128394,0.115312,-0.046357,24.0
10.098552,-0.732306,-0.926347,0.194041,0.84445,-0.049775,24.0
10.119566,-0.639803,-0.900652,0.260849,1.437629,-0.026276,24.0
10.140314,-0.538062,-0.861919,0.323857,2.034836,0.006622,24.0
10.161002,-0.427871,-0.808612,0.380741,2.748867,-0.001923,24.0
10.181669,-0.310779,-0.741499,0.43072,3.34406,-0.013031,24.0
10.202144,-0.189648,-0.662882,0.473233,3.970474,-0.049775,24.0
10.222801,-0.064187,-0.573909,0.509722,4.443809,-0.056611,24.0
10.243614,0.063516,-0.474966,0.538482,4.879881,-0.048066,24.0
10.264344,0.18994,-0.367586,0.557526,5.139712,-0.092927,24.0
10.285154,0.313986,-0.254836,0.568823,5.449897,-0.030549,24.0
10.305776,0.432063,-0.137102,0.569165,5.543557,-0.090364,24.0
10.326362,0.54316,-0.018983,0.562143,5.712749,0.013458,24.0
10.34696,0.645708,0.099902,0.545806,5.734905,-0.004059,24.0
10.367513,0.737708,0.21802,0.519688,5.44889,-0.025849,24.0
10.387864,0.817114,0.33192,0.485194,5.312932,0.059602,24.0
10.408288,0.883748,0.439684,0.444064,5.080293,-0.009186,24.0
10.428575,0.935837,0.541312,0.394525,4.679469,0.042939,24.0
10.449255,0.97352,0.633352,0.340168,4.234333,0.002777,24.0
10.470114,0.99503,0.717339,0.277692,3.775097,0.021576,24.0
10.491012,0.999498,0.790204,0.209294,3.123507,0.060029,24.0
10.511886,0.986712,0.849647,0.137065,2.477958,0.024567,24.0
10.532853,0.956635,0.893749,0.062886,1.807233,0.042939,24.0
10.553572,0.91036,0.923662,-0.013303,1.086152,0.092073,24.0
10.574002,0.849304,0.936701,-0.087397,0.314717,0.058747,24.0
10.59444,0.773835,0.931716,-0.157881,-0.439597,0.077974,24.0
10.614898,0.685072,0.914075,-0.229002,-1.040833,0.071992,24.0
10.635364,0.584471,0.883395,-0.298924,-1.7458,-0.046357,24.0
10.655911,0.473257,0.837758,-0.364501,-2.445731,-0.086946,24.0
10.676736,0.352004,0.776014,-0.42401,-3.153719,0.022858,24.0
10.697653,0.223675,0.700081,-0.476406,-3.710643,-0.060456,24.0
10.718602,0.090867,0.611109,-0.520242,-4.27361,-0.042939,24.0
10.739327,-0.042412,0.511015,-0.553427,-4.820462,-0.004486,24.0
10.759981,-0.174737,0.401717,-0.576455,-5.063172,-0.05832,24.0
10.780532,-0.303572,0.286284,-0.589855,-5.49723,0.004059,24.0
10.80111,-0.427451,0.165864,-0.593315,-5.708721,-0.010468,24.0
10.821659,-0.543813,0.041993,-0.585806,-5.909133,-0.042084,24.0
10.842041,-0.649889,-0.081877,-0.568011,-5.964523,0.094636,24.0
10.862515,-0.745145,-0.203831,-0.541314,-5.938338,0.0925,24.0
10.883118,-0.82779,-0.323483,-0.504307,-5.760082,-0.009186,24.0
10.904019,-0.896483,-0.437766,-0.458717,-5.267613,0.047639,24.0
10.924979,-0.948678,-0.545147,-0.403531,-4.80737,-0.050202,24.0
10.945826,-0.98294,-0.64294,-0.34,-4.348135,-0.037812,24.0
10.966398,-0.998763,-0.728844,-0.269919,-3.79826,-0.065583,24.0
10.986776,-0.996436,-0.800942,-0.195494,-3.119478,-0.030121,24.0
11.007089,-0.976226,-0.858084,-0.118143,-2.472923,-0.057893,24.0
11.027445,-0.938322,-0.899885,-0.038437,-1.726665,-0.060456,24.0
11.0479,-0.883032,-0.92558,0.042547,-0.915953,-0.00235,24.0
11.068698,-0.810079,-0.93325,0.12317,-0.009567,-0.117281,24.0
11.089671,-0.720743,-0.922512,0.201769,0.718563,-0.055329,24.0
11.110533,-0.61779,-0.898351,0.280561,1.338933,0.010468,24.0
11.131301,-0.50325,-0.858851,0.355601,2.104326,0.016449,24.0
11.152291,-0.377443,-0.801709,0.424266,2.970428,0.03183,24.0
11.17302,-0.245657,-0.72731,0.481653,3.700572,-0.034821,24.0
11.193759,-0.108825,-0.639488,0.530663,4.341085,-0.037385,24.0
11.214423,0.029867,-0.539394,0.569261,4.907073,-0.037385,24.0
11.234941,0.167267,-0.428562,0.595829,5.373358,-0.016449,24.0
11.255465,0.30176,-0.310444,0.612204,5.812451,-0.054047,24.0
11.276241,0.432239,-0.18619,0.618429,6.050126,-0.093355,24.0
11.296974,0.55418,-0.05695,0.61113,6.249531,-0.108736,24.0
11.317751,0.665627,0.072673,0.592953,6.106523,-0.023713,24.0
11.338361,0.763308,0.201913,0.561395,5.937331,0.033539,24.0
11.358902,0.845917,0.326168,0.519749,5.813458,0.01944,24.0
11.379369,0.911903,0.443519,0.468384,5.419684,-0.01004,24.0
11.400081,0.96068,0.5532,0.40748,5.044038,0.025422,24.0
11.420654,0.990145,0.652527,0.337618,4.459922,0.042084,24.0
11.441122,1.0,0.738815,0.261185,3.856672,0.035248,24.0
11.461804,0.989938,0.810529,0.179408,3.169833,-0.010468,24.0
11.482735,0.959364,0.866904,0.09246,2.309773,0.027131,24.0
11.503642,0.908872,0.905638,0.003235,1.540352,0.026276,24.0
11.52445,0.839749,0.925963,-0.086214,0.5393,0.054475,24.0
11.545356,0.752684,0.925196,-0.172512,-0.366079,0.094209,24.0
11.566343,0.649266,0.906788,-0.257522,-1.11133,0.032685,24.0
11.586968,0.534027,0.872657,-0.338629,-1.853559,-0.039521,24.0
11.607687,0.407018,0.821651,-0.414633,-2.680385,-0.079255,24.0
11.628285,0.272122,0.751854,-0.479732,-3.553536,-0.123262,24.0
11.648922,0.131108,0.666717,-0.535609,-4.185992,-0.0878,24.0
11.669691,-0.0138,0.56739,-0.58119,-4.870817,-0.057465,24.0
11.69063,-0.159854,0.45464,-0.614494,-5.368322,0.000641,24.0
11.711556,-0.302638,0.331537,-0.634175,-5.80238,-0.009613,24.0
11.732514,-0.439336,0.201913,-0.641249,-6.079332,0.015595,24.0
11.753424,-0.566449,0.067304,-0.633754,-6.284779,0.047211,24.0
11.774385,-0.681741,-0.068838,-0.612903,-6.354269,0.070283,24.0
11.794978,-0.780675,-0.203447,-0.577228,-6.279744,0.107881,24.0
11.815595,-0.863304,-0.33192,-0.531384,-6.106523,0.079255,24.0
11.836068,-0.927266,-0.453873,-0.473393,-5.669444,0.013886,24.0
11.856571,-0.971806,-0.565856,-0.405951,-5.157839,0.068147,24.0
11.876832,-0.995608,-0.66595,-0.329658,-4.58883,0.040803,24.0
11.897289,-0.998641,-0.75147,-0.247171,-3.904005,0.051484,24.0
11.917812,-0.98031,-0.822418,-0.157892,-3.136599,0.039521,24.0
11.938505,-0.940442,-0.875725,-0.064718,-2.176837,0.024994,24.0
11.959252,-0.879679,-0.91024,0.030561,-1.32987,-0.039948,24.0
11.980254,-0.798228,-0.925196,0.126968,-0.330831,0.064729,24.0
12.000922,-0.700188,-0.917143,0.216955,0.656123,0.004486,24.0
12.021421,-0.587469,-0.892599,0.30513,1.355047,0.078401,24.0
12.042011,-0.461146,-0.850797,0.389651,2.402426,0.077119,24.0
12.062637,-0.324166,-0.789053,0.464887,3.340032,0.076265,24.0
12.08324,-0.179905,-0.709285,0.52938,4.139666,0.03183,24.0
12.104002,-0.030231,-0.613793,0.583563,4.816434,0.000214,24.0
12.124879,0.121213,-0.502578,0.623791,5.3935,-0.016022,24.0
12.145772,0.270235,-0.379858,0.650093,5.914168,-0.01004,24.0
12.166702,0.413499,-0.248317,0.661816,6.329091,-0.042084,24.0
12.187713,0.547865,-0.11064,0.658505,6.552667,-0.059602,24.0
12.208453,0.668063,0.029721,0.638342,6.53756,-0.04593,24.0
12.229127,0.772755,0.167782,0.604973,6.493248,-0.02414,24.0
12.249708,0.859507,0.303158,0.556349,6.199176,-0.005768,24.0
12.270374,0.926997,0.430096,0.4969,5.826551,0.025422,24.0
12.291248,0.973515,0.548215,0.4253,5.357244,0.013458,24.0
12.311849,0.996912,0.654828,0.342084,4.688533,-0.000214,24.0
12.332376,0.997325,0.745334,0.251991,4.007736,-0.056611,24.0
12.352911,0.974743,0.818583,0.15616,3.219181,-0.079683,24.0
12.373552,0.929278,0.87304,0.056238,2.23827,-0.007477,24.0
12.394538,0.860636,0.907555,-0.04692,1.321813,-0.013886,24.0
12.41527,0.772145,0.919444,-0.147299,0.132433,0.078828,24.0
12.435811,0.666176,0.907172,-0.240996,-0.929046,0.060456,24.0
12.456245,0.545077,0.879176,-0.334099,-1.634012,-0.082246,24.0
12.476528,0.412103,0.832389,-0.420286,-2.652186,-0.087373,24.0
12.496871,0.268998,0.766043,-0.497045,-3.492103,-0.125399,24.0
12.517212,0.119427,0.680523,-0.561095,-4.368276,-0.036957,24.0
12.537833,-0.035278,0.578895,-0.614172,-5.059144,-0.1066,24.0
12.558692,-0.191153,0.461544,-0.652696,-5.681529,0.01944,24.0
12.579407,-0.341542,0.331537,-0.673079,-6.109545,0.011749,24.0
12.599877,-0.482213,0.195394,-0.677606,-6.527489,0.037812,24.0
12.620372,-0.61173,0.055416,-0.667146,-6.713802,0.065156,24.0
12.640689,-0.725811,-0.086863,-0.638948,-6.815518,0.084382,24.0
12.661003,-0.822851,-0.22569,-0.59716,-6.641291,0.064302,24.0
12.681395,-0.900729,-0.359532,-0.541196,-6.351247,0.054902,24.0
12.701748,-0.956985,-0.484937,-0.472048,-5.843671,0.120272,24.0
12.722411,-0.990662,-0.59922,-0.391442,-5.276677,0.064302,24.0
12.743119,-0.99977,-0.701232,-0.298539,-4.497185,0.140352,24.0
12.763847,-0.983834,-0.785218,-0.198616,-3.668345,0.091646,24.0
12.78484,-0.942436,-0.850414,-0.092022,-2.681392,0.030121,24.0
12.805667,-0.877176,-0.894516,0.01734,-1.649119,0.006622,24.0
12.826115,-0.791167,-0.915609,0.124442,-0.57052,0.071138,24.0
12.846453,-0.686073,-0.910623,0.22455,0.567498,0.031403,24.0
12.866913,-0.563195,-0.886463,0.323267,1.4477,0.072847,24.0
12.887557,-0.424802,-0.843511,0.418708,2.507164,0.093782,24.0
12.908063,-0.276411,-0.779082,0.502672,3.396429,0.115999,24.0
12.928486,-0.12146,-0.693945,0.572485,4.354177,0.085237,24.0
12.948987,0.03739,-0.59155,0.628941,5.235386,0.008331,24.0
12.969707,0.197203,-0.472665,0.669868,5.952438,0.00235,24.0
12.990654,0.353816,-0.340741,0.694557,6.427787,-0.036957,24.0
13.011676,0.501756,-0.198462,0.700218,6.805447,-0.033539,24.0
13.032201,0.633447,-0.051197,0.684644,7.029023,-0.138643,24.0
13.05258,0.748283,0.093766,0.654517,6.94342,-0.022858,24.0
13.072989,0.844392,0.237195,0.607196,6.74905,-0.037385,24.0
13.093586,0.91962,0.374489,0.545131,6.354269,-0.004486,24.0
13.114229,0.971009,0.503729,0.46728,5.919203,-0.062593,24.0
13.135095,0.997032,0.619929,0.377103,5.202152,-0.091646,24.0
13.156012,0.996138,0.72079,0.275348,4.420645,-0.082246,24.0
13.176888,0.968207,0.802859,0.165347,3.518288,-0.14847,24.0
13.197816,0.913729,0.863453,0.050276,2.424582,-0.092927,24.0
13.218778,0.833962,0.899885,-0.065923,1.366125,-0.077974,24.0
13.239274,0.733572,0.911007,-0.177434,0.009567,0.05832,24.0
13.259674,0.614216,0.896434,-0.282217,-0.965301,-0.099763,24.0
13.280062,0.478599,0.863069,-0.38447,-1.976425,-0.061311,24.0
13.300442,0.33023,0.808228,-0.477998,-3.035889,-0.142061,24.0
13.320898,0.172317,0.730761,-0.558444,-4.113481,-0.038239,24.0
13.341245,0.010432,0.632968,-0.622537,-4.935271,-0.056611,24.0
13.361537,-0.151536,0.519069,-0.670605,-5.747997,-0.065583,24.0
13.381773,-0.30932,0.390979,-0.700299,-6.286793,-0.043793,24.0
13.402133,-0.460069,0.252919,-0.712988,-6.754086,-0.042084,24.0
13.423079,-0.602508,0.106422,-0.708929,-7.058228,0.038239,24.0
13.443565,-0.725495,-0.046212,-0.679283,-7.180087,0.094209,24.0
13.463966,-0.82851,-0.194243,-0.634266,-7.069306,0.069856,24.0
13.484318,-0.909038,-0.336522,-0.572516,-6.726894,0.154879,24.0
13.504661,-0.965064,-0.469597,-0.495467,-6.207233,0.122408,24.0
13.525333,-0.995252,-0.591167,-0.404085,-5.540536,0.066865,24.0
13.546196,-0.997412,-0.698164,-0.299248,-4.767086,0.133944,24.0
13.567065,-0.970931,-0.785985,-0.184946,-3.764019,0.122835,24.0
13.587872,-0.916639,-0.852331,-0.064308,-2.626001,0.035676,24.0
13.608661,-0.836012,-0.893366,0.057354,-1.485969,0.042512,24.0
13.629248,-0.732337,-0.907939,0.175602,-0.11632,0.062165,24.0
13.649823,-0.607865,-0.895283,0.287419,0.92401,0.075837,24.0
13.670321,-0.466533,-0.861919,0.395385,1.914992,0.067292,24.0
13.690576,-0.313717,-0.806694,0.492977,3.023804,0.171542,24.0
13.710948,-0.15106,-0.728077,0.577017,4.224262,0.073701,24.0
13.731187,0.014984,-0.627983,0.642967,5.148775,0.025849,24.0
13.751545,0.181809,-0.510632,0.69244,5.969558,0.036103,24.0
13.771848,0.343343,-0.377557,0.720899,6.608057,0.005768,24.0
13.792155,0.495489,-0.235278,0.730767,7.126711,-0.063874,24.0
13.812546,0.634419,-0.085329,0.719748,7.251591,-0.045075,24.0
13.833637,0.759269,0.066921,0.692348,7.334173,-0.061311,24.0
13.854001,0.857986,0.222622,0.635363,6.99881,-0.092927,24.0
13.874312,0.932144,0.366435,0.565709,6.651362,-0.01004,24.0
13.894634,0.979825,0.499894,0.479932,6.231403,-0.068147,24.0
13.914892,0.999482,0.619546,0.379936,5.404578,-0.158297,24.0
13.935327,0.990419,0.721557,0.268862,4.521355,-0.123262,24.0
13.955702,0.952632,0.80401,0.148623,3.589792,-0.194186,24.0
13.976097,0.887032,0.862686,0.024347,2.445731,-0.100191,24.0
13.996907,0.79332,0.89605,-0.10273,1.132479,-0.062593,24.0
14.017775,0.674917,0.901419,-0.226502,-0.193866,-0.079683,24.0
14.03868,0.535331,0.880327,-0.344996,-1.406409,-0.081392,24.0
14.059221,0.381805,0.836608,-0.454803,-2.550469,-0.154025,24.0
14.079628,0.217727,0.768728,-0.551001,-3.707622,-0.154025,24.0
14.100058,0.046754,0.677071,-0.630317,-4.812406,-0.092927,24.0
14.120607,-0.126859,0.564705,-0.691564,-5.803388,-0.08481,24.0
14.141404,-0.298895,0.433164,-0.732059,-6.529503,-0.071565,24.0
14.162296,-0.462602,0.287051,-0.749652,-6.938384,0.025422,24.0
14.183162,-0.611823,0.1325,-0.744322,-7.349279,-0.016022,24.0
14.203829,-0.740871,-0.02627,-0.714602,-7.439918,0.082673,24.0
14.224539,-0.847358,-0.183122,-0.664236,-7.493294,0.088228,24.0
14.245243,-0.927559,-0.335372,-0.592187,-7.119661,0.190341,24.0
14.265835,-0.978684,-0.477267,-0.501417,-6.512383,0.176242,24.0
14.286239,-0.999486,-0.603439,-0.396047,-5.71577,0.172824,24.0
14.306602,-0.989849,-0.710819,-0.27903,-4.72076,0.249729,24.0
14.326883,-0.950233,-0.795956,-0.154276,-3.68043,0.190768,24.0
14.34722,-0.881504,-0.857317,-0.024187,-2.526299,0.104891,24.0
14.367519,-0.785914,-0.892599,0.106684,-1.156649,0.063874,24.0
14.387839,-0.666035,-0.897968,0.231933,0.243214,0.038239,24.0
14.408515,-0.522909,-0.877259,0.354349,1.28455,0.099763,24.0
14.429369,-0.361469,-0.833156,0.471687,2.518242,0.189914,24.0
14.450207,-0.188178,-0.762208,0.57403,3.848615,0.1019,24.0
14.470731,-0.011238,-0.66595,0.654711,4.897002,0.087373,24.0
14.49116,0.165499,-0.548598,0.714097,5.964523,0.05362,24.0
14.511587,0.337252,-0.413606,0.750858,6.701717,-0.015595,24.0
14.531886,0.497628,-0.265958,0.763586,7.326116,-0.039521,24.0
14.552228,0.642953,-0.11064,0.753593,7.643351,-0.054047,24.0
14.572547,0.768108,0.048129,0.719979,7.591989,-0.067292,24.0
14.593046,0.870021,0.205748,0.664272,7.438911,-0.003632,24.0
14.61389,0.945093,0.358765,0.586328,6.992767,-0.086946,24.0
14.634383,0.988304,0.501428,0.486876,6.501305,-0.15317,24.0
14.654673,0.999683,0.625682,0.374001,5.616068,-0.194614,24.0
14.674951,0.979344,0.729611,0.249733,4.555596,-0.12668,24.0
14.695214,0.927866,0.810913,0.116953,3.548501,-0.184787,24.0
14.715607,0.84615,0.865754,-0.019604,2.163745,-0.110872,24.0
14.736176,0.735888,0.892982,-0.157094,0.723598,-0.094209,24.0
14.756831,0.600581,0.887613,-0.287033,-0.710506,-0.090791,24.0
14.77767,0.443579,0.8577,-0.414122,-1.826368,-0.143343,24.0
14.798421,0.271998,0.802476,-0.530478,-3.17084,-0.149325,24.0
14.819207,0.090654,0.718489,-0.627836,-4.481071,-0.112581,24.0
14.83982,-0.092495,0.609575,-0.70207,-5.591897,-0.081392,24.0
14.860462,-0.273039,0.479952,-0.75299,-6.556695,-0.066438,24.0
14.881049,-0.44416,0.333071,-0.777231,-7.155917,-0.010468,24.0
14.901591,-0.600222,0.176219,-0.77644,-7.584939,-0.036957,24.0
14.921969,-0.735293,0.013231,-0.748523,-7.765209,0.060883,24.0
14.942261,-0.845715,-0.148607,-0.697108,-7.761181,0.083955,24.0
14.962604,-0.928522,-0.306226,-0.622297,-7.580911,0.258701,24.0
14.98298,-0.980593,-0.45349,-0.527103,-6.9122,0.12668,24.0
15.003324,-0.999897,-0.586181,-0.413716,-6.081346,0.152743,24.0
15.023972,-0.9853,-0.698931,-0.286369,-5.039002,0.208286,24.0
15.044627,-0.936601,-0.78982,-0.146781,-3.869764,0.208713,24.0
15.06566,-0.853575,-0.853865,0.000291,-2.509178,0.101045,24.0
15.086262,-0.742268,-0.88838,0.146112,-1.082124,0.163424,24.0
15.106607,-0.606906,-0.887613,0.280707,0.569512,0.089082,24.0
15.127096,-0.449606,-0.861152,0.411545,1.726665,0.124117,24.0
15.147927,-0.273601,-0.808228,0.534628,3.042939,0.223239,24.0
15.168802,-0.087162,-0.724625,0.637463,4.473014,0.060883,24.0
15.189685,0.102738,-0.614177,0.716915,5.644266,0.083528,24.0
15.21055,0.289025,-0.481486,0.77051,6.648341,0.033112,24.0
15.231419,0.465148,-0.33077,0.795917,7.302953,-0.024567,24.0
15.252225,0.62417,-0.167398,0.791568,7.88304,-0.095491,24.0
15.273027,0.760818,-0.000575,0.761393,7.920302,-0.111727,24.0
15.293603,0.869035,0.167398,0.701636,7.776287,-0.070283,24.0
15.313993,0.945938,0.328469,0.617469,7.416754,-0.04123,24.0
15.334332,0.989749,0.4765,0.513249,6.975647,-0.21384,24.0
15.354656,0.999041,0.608041,0.391,6.025956,-0.137362,24.0
15.375015,0.973325,0.718106,0.255219,4.942321,-0.195041,24.0
15.395685,0.912147,0.803243,0.108904,3.620005,-0.26511,24.0
15.416588,0.816473,0.861152,-0.044679,2.189929,-0.159152,24.0
15.437353,0.691141,0.886846,-0.195706,0.602747,-0.179232,24.0
15.458128,0.540064,0.877259,-0.337195,-0.928038,-0.099763,24.0
15.479125,0.36687,0.840059,-0.473189,-2.228199,-0.183932,24.0
15.499829,0.1822,0.772946,-0.590747,-3.69453,-0.121126,24.0
15.520408,-0.008286,0.677838,-0.686124,-5.039002,-0.096773,24.0
15.540764,-0.196678,0.557035,-0.753714,-6.242481,-0.017731,24.0
15.561526,-0.381756,0.415907,-0.797663,-7.176059,0.000214,24.0
15.582369,-0.553399,0.257137,-0.810537,-7.641337,-0.042939,24.0
15.603309,-0.704947,0.088013,-0.79296,-7.915267,-0.00705,24.0
15.624222,-0.829529,-0.084945,-0.744584,-8.127764,0.185214,24.0
15.645123,-0.922432,-0.254836,-0.667596,-7.878004,0.197177,24.0
15.665898,-0.979805,-0.414756,-0.565048,-7.317052,0.142061,24.0
15.686844,-0.999991,-0.558569,-0.441421,-6.48922,0.21384,24.0
15.707547,-0.981875,-0.682057,-0.299819,-5.354223,0.17966,24.0
15.727805,-0.928021,-0.778699,-0.149322,-4.057084,0.20444,24.0
15.748067,-0.840247,-0.844661,0.004415,-2.605859,0.276219,24.0
15.768321,-0.721692,-0.879943,0.158251,-1.081117,0.203586,24.0
15.788679,-0.575736,-0.879176,0.30344,0.567498,0.14078,24.0
15.809072,-0.407939,-0.85003,0.442091,1.940169,0.128817,24.0
15.829634,-0.22314,-0.793272,0.570132,3.357153,0.202731,24.0
15.849906,-0.032366,-0.70545,0.673084,4.753994,0.146761,24.0
15.870166,0.159736,-0.590783,0.750519,6.047105,0.064729,24.0
15.890916,0.350529,-0.45349,0.804019,6.910185,-0.002777,24.0
15.911654,0.527788,-0.295104,0.822893,7.71989,-0.013886,24.0
15.932208,0.683359,-0.126364,0.809723,8.186175,-0.054475,24.0
15.952757,0.812784,0.045445,0.767339,8.215381,-0.071565,24.0
15.97333,0.911104,0.216486,0.694618,8.028061,-0.095918,24.0
15.993879,0.974172,0.379858,0.594314,7.583932,-0.156588,24.0
16.01437,0.999519,0.52904,0.47048,6.856809,-0.361669,24.0
16.034735,0.986451,0.656362,0.330089,5.732891,-0.253147,24.0
16.055562,0.934017,0.758373,0.175644,4.465965,-0.342016,24.0
16.076367,0.844131,0.832389,0.011742,2.902953,-0.14078,24.0
16.09733,0.719173,0.873424,-0.154251,1.280522,-0.112581,24.0
16.118099,0.566193,0.875341,-0.309148,-0.552392,-0.070283,24.0
16.138581,0.392807,0.846195,-0.453388,-1.835431,-0.20914,24.0
16.15895,0.204853,0.787903,-0.58305,-3.498146,-0.212985,24.0
16.179654,0.005457,0.698547,-0.69309,-4.906065,-0.210422,24.0
16.200571,-0.196448,0.578128,-0.774576,-6.127672,-0.161715,24.0
16.221429,-0.389979,0.432781,-0.82276,-7.191165,-0.077119,24.0
16.242269,-0.56759,0.269793,-0.837383,-7.794415,-0.028412,24.0
16.263209,-0.722752,0.096067,-0.818819,-8.326162,0.046357,24.0
16.284046,-0.847487,-0.082644,-0.764843,-8.473198,0.201022,24.0
16.304771,-0.93697,-0.257904,-0.679066,-8.165026,0.232639,24.0
16.325173,-0.987664,-0.421276,-0.566389,-7.542641,0.197177,24.0
16.345489,-0.999123,-0.565856,-0.433267,-6.573816,0.253574,24.0
16.365809,-0.971029,-0.687809,-0.283219,-5.444862,0.291173,24.0
16.38615,-0.904256,-0.78215,-0.122106,-3.927169,0.233066,24.0
16.406785,-0.799599,-0.846195,0.046596,-2.474937,0.275364,24.0
16.427645,-0.660251,-0.875725,0.215474,-0.710506,0.244175,24.0
16.448528,-0.492694,-0.866521,0.373826,1.020691,0.133944,24.0
16.469318,-0.304942,-0.82587,0.520927,2.554498,0.153597,24.0
16.490093,-0.10427,-0.753004,0.648734,4.04802,0.264256,24.0
16.51083,0.100676,-0.647158,0.747834,5.550607,0.151888,24.0
16.531282,0.298931,-0.5137,0.812631,6.795377,0.106172,24.0
16.551687,0.484764,-0.359916,0.84468,7.738018,-0.025849,24.0
16.572189,0.651702,-0.191559,0.843261,8.286885,-0.020294,24.0
16.592546,0.790957,-0.014765,0.805721,8.483268,-0.05832,24.0
16.613362,0.899984,0.160879,0.739106,8.348318,-0.030549,24.0
16.634038,0.970176,0.335755,0.634421,7.902174,-0.119844,24.0
16.654564,0.999206,0.494525,0.504682,7.178073,-0.246738,24.0
16.675017,0.986475,0.6299,0.356574,6.120623,-0.262974,24.0
16.695611,0.93203,0.739965,0.192065,4.641199,-0.199313,24.0
16.716241,0.83777,0.819733,0.018036,3.206088,-0.260838,24.0
16.736646,0.709232,0.864603,-0.155372,1.491005,-0.196323,24.0
16.757178,0.549776,0.868438,-0.318662,-0.524193,-0.077119,24.0
16.777665,0.367194,0.839676,-0.472482,-1.888808,-0.191196,24.0
16.798085,0.16948,0.779082,-0.609603,-3.540444,-0.098909,24.0
16.818681,-0.037399,0.686275,-0.723674,-5.146761,-0.099336,24.0
16.839307,-0.243217,0.561637,-0.804854,-6.427787,-0.100191,24.0
16.859898,-0.438428,0.411305,-0.849732,-7.641337,-0.000214,24.0
16.880616,-0.615927,0.243331,-0.859258,-8.246601,-0.004059,24.0
16.901255,-0.766082,0.064236,-0.830319,-8.504417,0.02414,24.0
16.921963,-0.883295,-0.117543,-0.765752,-8.724971,0.183078,24.0
16.942409,-0.960991,-0.295104,-0.665887,-8.285878,0.252293,24.0
16.962861,-0.997394,-0.457709,-0.539686,-7.497322,0.263828,24.0
16.983286,-0.990793,-0.601521,-0.389271,-6.484184,0.304845,24.0
17.003842,-0.940941,-0.718106,-0.222835,-5.051087,0.277928,24.0
17.024707,-0.848108,-0.80516,-0.042947,-3.524331,0.270665,24.0
17.045588,-0.716641,-0.857317,0.140676,-1.768963,0.20914,24.0
17.066585,-0.55145,-0.868055,0.316604,0.334859,0.177096,24.0
17.087496,-0.361465,-0.84121,0.479745,1.8878,0.295018,24.0
17.108369,-0.155075,-0.781,0.625925,3.524331,0.277073,24.0
17.129126,0.057466,-0.684358,0.741823,5.208194,0.154025,24.0
17.149726,0.266096,-0.556652,0.822748,6.644312,0.130526,24.0
17.170233,0.462202,-0.403251,0.865454,7.689677,0.013031,24.0
17.190912,0.639343,-0.232977,0.872319,8.459098,-0.069001,24.0
17.211592,0.787703,-0.050047,0.83775,8.813596,-0.160861,24.0
17.232218,0.900191,0.134034,0.766158,8.74612,-0.124117,24.0
17.252975,0.972317,0.313129,0.659189,8.284871,-0.224949,24.0
17.273796,0.999796,0.479185,0.520612,7.543648,-0.357824,24.0
17.294685,0.980767,0.62223,0.358537,6.267659,-0.360815,24.0
17.315419,0.91643,0.737281,0.17915,4.792264,-0.235203,24.0
17.336036,0.810347,0.817816,-0.007469,3.150698,-0.285618,24.0
17.356581,0.667554,0.860001,-0.192447,1.286564,-0.199741,24.0
17.3771,0.494367,0.858851,-0.364484,-0.766903,-0.161715,24.0
17.397703,0.297593,0.823952,-0.526359,-2.184894,-0.165988,24.0
17.418341,0.0865,0.753771,-0.667271,-3.973495,-0.289036,24.0
17.439161,-0.130735,0.647925,-0.77866,-5.595926,-0.196323,24.0
17.45998,-0.342037,0.510248,-0.852285,-7.007874,-0.068147,24.0
17.480936,-0.538581,0.34611,-0.88469,-8.070359,-0.064302,24.0
17.501885,-0.709375,0.166631,-0.876006,-8.588006,-0.007477,24.0
17.522783,-0.845868,-0.022435,-0.823433,-8.934447,0.120699,24.0
17.543784,-0.942195,-0.21035,-0.731844,-8.843809,0.222385,24.0
17.564579,-0.992488,-0.389062,-0.603426,-8.11165,0.297581,24.0
17.585267,-0.995443,-0.547448,-0.447995,-7.069306,0.265965,24.0
17.605918,-0.951254,-0.678989,-0.272265,-5.640238,0.276646,24.0
17.626703,-0.861177,-0.778315,-0.082862,-4.084276,0.303136,24.0
17.647728,-0.727786,-0.841593,0.113807,-2.297688,0.373632,24.0
17.668704,-0.558726,-0.862302,0.303577,-0.042802,0.23093,24.0
17.689637,-0.362367,-0.840826,0.478459,1.636027,0.300999,24.0
17.710357,-0.150181,-0.782534,0.632353,3.4206,0.283482,24.0
17.731333,0.07221,-0.688576,0.760786,5.156832,0.242039,24.0
17.752272,0.290906,-0.557419,0.848324,6.730922,0.135225,24.0
17.77287,0.492264,-0.398266,0.89053,7.887068,0.043793,24.0
17.793228,0.668291,-0.223006,0.891296,8.751156,-0.052766,24.0
17.81362,0.813262,-0.037775,0.851037,9.011994,-0.074983,24.0
17.833907,0.919456,0.149374,0.770082,8.959625,-0.071992,24.0
17.854328,0.98285,0.329236,0.653614,8.477226,-0.214694,24.0
17.874729,0.999449,0.495292,0.504157,7.610117,-0.285618,24.0
17.895305,0.967915,0.635653,0.332262,6.291829,-0.383032,24.0
17.916147,0.887953,0.746868,0.141085,4.775143,-0.394568,24.0
17.936914,0.764009,0.823185,-0.059176,2.856626,-0.223667,24.0
17.957781,0.60104,0.8577,-0.256661,0.789059,-0.325353,24.0
17.978392,0.410131,0.846195,-0.436064,-1.272465,-0.19675,24.0
17.998975,0.199104,0.798641,-0.599537,-2.956329,-0.244175,24.0
18.019543,-0.02181,0.713504,-0.735313,-4.68954,-0.289891,24.0
18.040238,-0.243216,0.592701,-0.835917,-6.379446,-0.100191,24.0
18.061169,-0.455006,0.439684,-0.89469,-7.696727,-0.120272,24.0
18.082131,-0.64396,0.263273,-0.907233,-8.570886,-0.072419,24.0
18.102843,-0.798325,0.07344,-0.871766,-8.966674,-0.019867,24.0
18.123764,-0.913529,-0.11831,-0.795219,-9.136873,0.215976,24.0
18.144601,-0.981585,-0.308143,-0.673442,-8.75317,0.377478,24.0
18.165538,-0.999357,-0.479952,-0.519405,-7.776287,0.34757,24.0
18.186231,-0.965994,-0.627983,-0.338011,-6.417716,0.376623,24.0
18.206716,-0.884589,-0.742266,-0.142323,-4.795285,0.346715,24.0
18.227052,-0.760019,-0.818966,0.058948,-2.985534,0.333898,24.0
18.247427,-0.597504,-0.854249,0.256744,-0.882719,0.361669,24.0
18.268171,-0.401493,-0.843894,0.442401,1.207004,0.299718,24.0
18.289041,-0.183218,-0.795573,0.612355,2.980499,0.265965,24.0
18.309648,0.04199,-0.708902,0.750892,4.782193,0.290745,24.0
18.329956,0.262122,-0.586181,0.848303,6.471092,0.110018,24.0
18.350487,0.471641,-0.433931,0.905573,7.890089,0.110872,24.0
18.371023,0.657409,-0.257137,0.914547,8.78439,-0.005341,24.0
18.391578,0.809953,-0.066921,0.876874,9.289952,-0.031403,24.0
18.411992,0.920545,0.125213,0.795331,9.130831,-0.151888,24.0
18.432489,0.984768,0.311211,0.673557,8.738064,-0.295445,24.0
18.452955,0.998664,0.48302,0.515644,7.929366,-0.433875,24.0
18.473638,0.960825,0.628366,0.332458,6.421744,-0.392859,24.0
18.494324,0.872628,0.743033,0.129594,4.75198,-0.336461,24.0
18.515201,0.737092,0.818966,-0.081874,2.838499,-0.34757,24.0
18.536135,0.561394,0.851564,-0.29017,0.648066,-0.382605,24.0
18.556851,0.357456,0.836224,-0.478768,-1.4336,-0.295872,24.0
18.577441,0.135744,0.781383,-0.64564,-3.391394,-0.219821,24.0
18.597844,-0.091256,0.688193,-0.779448,-5.196109,-0.200168,24.0
18.618181,-0.313084,0.558953,-0.872037,-6.908171,-0.158297,24.0
18.638819,-0.521933,0.399416,-0.921349,-8.069352,-0.154452,24.0
18.659518,-0.703796,0.216103,-0.919899,-8.913298,-0.032258,24.0
18.680147,-0.847794,0.021668,-0.869461,-9.264775,0.05362,24.0
18.700667,-0.946406,-0.173151,-0.773255,-9.309087,0.312108,24.0
18.721038,-0.994987,-0.359916,-0.635071,-8.671595,0.32578,24.0
18.74144,-0.991676,-0.525972,-0.465705,-7.613138,0.415503,24.0
18.761826,-0.936433,-0.663265,-0.273168,-6.034012,0.474891,24.0
18.782383,-0.830933,-0.76681,-0.064122,-4.335042,0.327916,24.0
18.802735,-0.682585,-0.830472,0.147887,-2.304738,0.323644,24.0
18.823088,-0.498232,-0.847346,0.349114,0.13344,0.337743,24.0
18.843494,-0.286879,-0.821267,0.534389,1.93312,0.27921,24.0
18.864005,-0.058916,-0.756839,0.697923,3.909041,0.360388,24.0
18.884912,0.176884,-0.650993,0.827877,5.818494,0.227939,24.0
18.905974,0.404658,-0.50603,0.910687,7.393591,0.115999,24.0
18.926778,0.607353,-0.331537,0.938889,8.562829,0.033967,24.0
18.947694,0.777316,-0.140937,0.918252,9.260746,-0.084382,24.0
18.968238,0.901863,0.059634,0.842228,9.419867,-0.089509,24.0
18.988761,0.977393,0.253686,0.723707,9.033143,-0.156161,24.0
19.009495,0.999728,0.435082,0.564646,8.400687,-0.36466,24.0
19.029806,0.967636,0.594235,0.373401,7.032044,-0.452674,24.0
19.050226,0.88309,0.716188,0.166902,5.202152,-0.404822,24.0
19.070558,0.751206,0.800558,-0.049353,3.286656,-0.463783,24.0
19.091246,0.575357,0.841977,-0.266619,1.100252,-0.416358,24.0
19.112058,0.365822,0.833156,-0.467334,-1.147585,-0.254856,24.0
19.132987,0.133983,0.783301,-0.649318,-3.13257,-0.273655,24.0
19.153893,-0.105541,0.691644,-0.797186,-5.121584,-0.253147,24.0
19.174789,-0.339159,0.558953,-0.898112,-6.940398,-0.160861,24.0
19.195624,-0.552908,0.392897,-0.945805,-8.289906,-0.188632,24.0
19.216297,-0.733924,0.204214,-0.938139,-9.256718,-0.033112,24.0
19.236899,-0.873205,0.004794,-0.877998,-9.526619,0.079683,24.0
19.257603,-0.963781,-0.195777,-0.768003,-9.555825,0.220249,24.0
19.278195,-0.999491,-0.385227,-0.614264,-8.654475,0.359106,24.0
19.298961,-0.978358,-0.55205,-0.426308,-7.410712,0.373632,24.0
19.319653,-0.901244,-0.687809,-0.213435,-5.772168,0.418921,24.0
19.340207,-0.77344,-0.783684,0.010245,-3.74992,0.399695,24.0
19.360755,-0.601744,-0.835457,0.233713,-1.68336,0.431739,24.0
19.381403,-0.394666,-0.835457,0.440791,0.733669,0.307408,24.0
19.402033,-0.164913,-0.793655,0.628742,2.812314,0.379614,24.0
19.422601,0.073826,-0.709285,0.783111,4.799313,0.378759,24.0
19.442932,0.305963,-0.583113,0.889076,6.742,0.147616,24.0
19.463646,0.525007,-0.424344,0.949351,8.223438,0.141207,24.0
19.484283,0.713057,-0.237579,0.950636,9.187228,0.010468,24.0
19.505115,0.861145,-0.037775,0.89892,9.683726,-0.083528,24.0
19.525981,0.958543,0.165864,0.792679,9.521584,-0.13608,24.0
19.54686,0.999023,0.36145,0.637573,9.011994,-0.383032,24.0
19.567898,0.979535,0.535176,0.44436,7.78938,-0.518898,24.0
19.588728,0.901597,0.676304,0.225293,5.87187,-0.40354,24.0
19.609606,0.769424,0.776398,-0.006974,3.863722,-0.338598,24.0
19.630104,0.594495,0.830855,-0.23636,1.718608,-0.317662,24.0
19.65045,0.38654,0.831239,-0.444699,-0.871641,-0.234775,24.0
19.670932,0.154635,0.789437,-0.634802,-2.797208,-0.373205,24.0
19.691378,-0.086076,0.7043,-0.790375,-4.890959,-0.39585,24.0
19.711662,-0.320212,0.578128,-0.89834,-6.715816,-0.297581,24.0
19.732528,-0.542048,0.417441,-0.959489,-8.44097,-0.102327,24.0
19.753388,-0.73113,0.226841,-0.957971,-9.330236,-0.001923,24.0
19.774235,-0.875845,0.022051,-0.897897,-9.682719,0.055329,24.0
19.794886,-0.966783,-0.182355,-0.784428,-9.703868,0.239048,24.0
19.815913,-0.999963,-0.376406,-0.623557,-8.930419,0.334752,24.0
19.836657,-0.971773,-0.549749,-0.422024,-7.549691,0.376623,24.0
19.857243,-0.885464,-0.686659,-0.198806,-5.808423,0.455238,24.0
19.877826,-0.74606,-0.781767,0.035707,-3.730785,0.427893,24.0
19.898224,-0.563593,-0.831239,0.267645,-1.480934,0.377478,24.0
19.918574,-0.348195,-0.826637,0.478442,1.012634,0.354406,24.0
19.939374,-0.106729,-0.778699,0.671969,3.104372,0.358679,24.0
19.960276,0.142772,-0.684741,0.827513,5.223301,0.306554,24.0
19.98112,0.382986,-0.547448,0.930434,7.166995,0.161288,24.0
